file,label,defect_type,d_star,w,score_eq7
000.png,1,bent_wire,3.405719,0.912816,3.108796
001.png,1,bent_wire,3.511116,0.907631,3.186799
002.png,1,bent_wire,3.561895,0.927503,3.303669
003.png,1,bent_wire,3.375974,0.910033,3.072248
004.png,1,bent_wire,3.942771,0.912613,3.598225
005.png,1,bent_wire,3.771906,0.913568,3.445893
006.png,1,bent_wire,3.629828,0.906212,3.289394
007.png,1,bent_wire,3.414100,0.908184,3.100629
008.png,1,bent_wire,3.012996,0.920906,2.774685
009.png,1,bent_wire,3.956798,0.912756,3.611593
010.png,1,bent_wire,3.438728,0.913992,3.142971
011.png,1,bent_wire,4.128454,0.922050,3.806642
012.png,1,bent_wire,3.607288,0.920467,3.320389
000.png,1,cable_swap,2.551089,0.917134,2.339689
001.png,1,cable_swap,2.751850,0.912381,2.510736
002.png,1,cable_swap,2.783929,0.911009,2.536184
003.png,1,cable_swap,2.565489,0.917372,2.353508
004.png,1,cable_swap,2.623500,0.908949,2.384627
005.png,1,cable_swap,2.905604,0.916627,2.663354
006.png,1,cable_swap,2.460827,0.909715,2.238652
007.png,1,cable_swap,2.551536,0.924130,2.357950
008.png,1,cable_swap,2.788505,0.909465,2.536047
009.png,1,cable_swap,2.686261,0.909121,2.442136
010.png,1,cable_swap,2.822805,0.918323,2.592247
011.png,1,cable_swap,2.541729,0.917525,2.332101
000.png,1,combined,3.870506,0.908674,3.517027
001.png,1,combined,3.643746,0.916808,3.340616
002.png,1,combined,3.277971,0.910103,2.983291
003.png,1,combined,3.555711,0.918338,3.265342
004.png,1,combined,3.379829,0.907013,3.065551
005.png,1,combined,3.657350,0.921593,3.370589
006.png,1,combined,3.632583,0.918301,3.335804
007.png,1,combined,3.223712,0.920417,2.967160
008.png,1,combined,4.082911,0.913068,3.727977
009.png,1,combined,3.008143,0.912970,2.746346
010.png,1,combined,3.527285,0.921714,3.251149
000.png,1,cut_inner_insulation,2.725764,0.920927,2.510229
001.png,1,cut_inner_insulation,3.152840,0.915427,2.886196
002.png,1,cut_inner_insulation,2.721779,0.907428,2.469820
003.png,1,cut_inner_insulation,3.036993,0.923659,2.805146
004.png,1,cut_inner_insulation,3.207097,0.915347,2.935607
005.png,1,cut_inner_insulation,2.940143,0.925478,2.721038
006.png,1,cut_inner_insulation,2.685723,0.912930,2.451877
007.png,1,cut_inner_insulation,3.211569,0.918183,2.948808
008.png,1,cut_inner_insulation,2.685087,0.912067,2.448979
009.png,1,cut_inner_insulation,3.091319,0.918087,2.838099
010.png,1,cut_inner_insulation,3.028432,0.912816,2.764402
011.png,1,cut_inner_insulation,3.308177,0.914886,3.026604
012.png,1,cut_inner_insulation,2.908376,0.913346,2.656354
013.png,1,cut_inner_insulation,3.227494,0.920154,2.969790
000.png,1,cut_outer_insulation,3.348360,0.913121,3.057459
001.png,1,cut_outer_insulation,3.121322,0.914053,2.853054
002.png,1,cut_outer_insulation,3.106604,0.906206,2.815223
003.png,1,cut_outer_insulation,2.684667,0.908099,2.437942
004.png,1,cut_outer_insulation,2.704175,0.910593,2.462402
005.png,1,cut_outer_insulation,3.104112,0.909478,2.823122
006.png,1,cut_outer_insulation,3.016426,0.922705,2.783272
007.png,1,cut_outer_insulation,2.848234,0.925503,2.636049
008.png,1,cut_outer_insulation,2.910878,0.920256,2.678754
009.png,1,cut_outer_insulation,2.935089,0.921955,2.706019
000.png,0,good,2.255097,0.913090,2.059106
001.png,0,good,2.381757,0.930152,2.215395
002.png,0,good,2.335778,0.914242,2.135467
003.png,0,good,2.233576,0.915625,2.045117
004.png,0,good,2.317777,0.924230,2.142160
005.png,0,good,2.322255,0.926804,2.152274
006.png,0,good,2.145808,0.917387,1.968535
007.png,0,good,2.240335,0.936705,2.098532
008.png,0,good,2.345010,0.919025,2.155123
009.png,0,good,2.201864,0.915009,2.014726
010.png,0,good,2.196326,0.911303,2.001519
011.png,0,good,2.444894,0.909989,2.224827
012.png,0,good,2.361013,0.917772,2.166873
013.png,0,good,2.403547,0.935786,2.249205
014.png,0,good,2.389102,0.925426,2.210937
015.png,0,good,2.390271,0.916967,2.191800
016.png,0,good,2.283266,0.929427,2.122130
017.png,0,good,2.296756,0.916189,2.104262
018.png,0,good,2.406792,0.901564,2.169878
019.png,0,good,2.441366,0.934105,2.280493
020.png,0,good,2.259345,0.917035,2.071899
021.png,0,good,2.318153,0.921890,2.137082
022.png,0,good,2.240155,0.924166,2.070276
023.png,0,good,2.299568,0.914958,2.104008
024.png,0,good,2.166952,0.922845,1.999760
025.png,0,good,2.176002,0.931636,2.027241
026.png,0,good,2.220649,0.907938,2.016213
027.png,0,good,2.277979,0.917570,2.090206
028.png,0,good,2.239087,0.922336,2.065190
029.png,0,good,2.275332,0.916102,2.084436
030.png,0,good,2.429344,0.919342,2.233397
031.png,0,good,2.421265,0.909118,2.201215
032.png,0,good,2.318926,0.922614,2.139474
033.png,0,good,2.299335,0.916251,2.106767
034.png,0,good,2.476086,0.912458,2.259326
035.png,0,good,2.237292,0.918194,2.054267
036.png,0,good,2.346438,0.922973,2.165700
037.png,0,good,2.285085,0.918025,2.097765
038.png,0,good,2.450989,0.922398,2.260786
039.png,0,good,2.297424,0.918685,2.110609
040.png,0,good,2.240147,0.917856,2.056133
041.png,0,good,2.543794,0.916099,2.330366
042.png,0,good,2.417582,0.920556,2.225519
043.png,0,good,2.270592,0.920539,2.090169
044.png,0,good,2.313415,0.927523,2.145746
045.png,0,good,2.253529,0.918787,2.070513
046.png,0,good,2.301821,0.924747,2.128601
047.png,0,good,2.321979,0.915728,2.126302
048.png,0,good,2.226189,0.925185,2.059637
049.png,0,good,2.393208,0.916810,2.194118
050.png,0,good,2.242328,0.908822,2.037877
051.png,0,good,2.490897,0.924875,2.303769
052.png,0,good,2.302835,0.918940,2.116169
053.png,0,good,2.261478,0.920092,2.080768
054.png,0,good,2.286144,0.921594,2.106896
055.png,0,good,2.436046,0.916275,2.232089
056.png,0,good,2.360881,0.924700,2.183106
057.png,0,good,2.465338,0.920017,2.268153
000.png,1,missing_cable,3.676788,0.917499,3.373448
001.png,1,missing_cable,3.571900,0.919871,3.285686
002.png,1,missing_cable,3.560119,0.921609,3.281038
003.png,1,missing_cable,3.624239,0.923028,3.345273
004.png,1,missing_cable,3.628780,0.924637,3.355304
005.png,1,missing_cable,3.562606,0.922308,3.285820
006.png,1,missing_cable,3.774583,0.919232,3.469719
007.png,1,missing_cable,3.632780,0.921938,3.349198
008.png,1,missing_cable,3.638742,0.923113,3.358970
009.png,1,missing_cable,3.628650,0.919037,3.334864
010.png,1,missing_cable,3.650032,0.917847,3.350170
011.png,1,missing_cable,3.675201,0.918041,3.373986
000.png,1,missing_wire,2.595412,0.921696,2.392181
001.png,1,missing_wire,3.242335,0.927069,3.005867
002.png,1,missing_wire,3.066203,0.921020,2.824035
003.png,1,missing_wire,3.380105,0.920850,3.112569
004.png,1,missing_wire,3.307016,0.919323,3.040217
005.png,1,missing_wire,3.201962,0.919157,2.943107
006.png,1,missing_wire,3.204762,0.918932,2.944956
007.png,1,missing_wire,3.002031,0.913357,2.741925
008.png,1,missing_wire,3.207902,0.914586,2.933902
009.png,1,missing_wire,3.432179,0.917280,3.148270
000.png,1,poke_insulation,2.843602,0.908806,2.584283
001.png,1,poke_insulation,3.039516,0.915110,2.781490
002.png,1,poke_insulation,2.478225,0.917908,2.274783
003.png,1,poke_insulation,2.589206,0.916799,2.373780
004.png,1,poke_insulation,2.597091,0.909490,2.362030
005.png,1,poke_insulation,3.012037,0.920406,2.772297
006.png,1,poke_insulation,2.621585,0.919444,2.410400
007.png,1,poke_insulation,2.716451,0.916157,2.488696
008.png,1,poke_insulation,2.841565,0.906233,2.575120
009.png,1,poke_insulation,2.725594,0.923898,2.518169